NCBI_ID	Gene_Symbol	PCD_Mode
9447	AIM2	Pyroptosis
51074	APIP	Pyroptosis
834	CASP1	Pyroptosis
836	CASP3	Pyroptosis
837	CASP4	Pyroptosis
838	CASP5	Pyroptosis
839	CASP6	Pyroptosis
841	CASP8	Pyroptosis
842	CASP9	Pyroptosis
5119	CHMP1A	Pyroptosis
57132	CHMP1B	Pyroptosis
27243	CHMP2A	Pyroptosis
25978	CHMP2B	Pyroptosis
29082	CHMP4A	Pyroptosis
128866	CHMP4B	Pyroptosis
92421	CHMP4C	Pyroptosis
51510	CHMP5	Pyroptosis
79643	CHMP6	Pyroptosis
91782	CHMP7	Pyroptosis
1687	GSDME	Pyroptosis
494513	DFNB59	Pyroptosis
1660	DHX9	Pyroptosis
91039	DPP9	Pyroptosis
1991	ELANE	Pyroptosis
2879	GPX4	Pyroptosis
284110	GSDMA	Pyroptosis
55876	GSDMB	Pyroptosis
56169	GSDMC	Pyroptosis
79792	GSDMD	Pyroptosis
3001	GZMA	Pyroptosis
3002	GZMB	Pyroptosis
3606	IL18	Pyroptosis
3553	IL1B	Pyroptosis
3569	IL6	Pyroptosis
9798	KIAA0174	Pyroptosis
51776	MAP3K20	Pyroptosis
57506	MAVS	Pyroptosis
4210	MEFV	Pyroptosis
407008	MIR223	Pyroptosis
4671	NAIP	Pyroptosis
58484	NLRC4	Pyroptosis
22861	NLRP1	Pyroptosis
55655	NLRP2	Pyroptosis
114548	NLRP3	Pyroptosis
171389	NLRP6	Pyroptosis
199713	NLRP7	Pyroptosis
338321	NLRP9	Pyroptosis
10392	NOD1	Pyroptosis
64127	NOD2	Pyroptosis
5335	PLCG1	Pyroptosis
5566	PRKACA	Pyroptosis
5567	PRKACB	Pyroptosis
5568	PRKACG	Pyroptosis
5573	PRKAR1A	Pyroptosis
5575	PRKAR1B	Pyroptosis
5576	PRKAR2A	Pyroptosis
5577	PRKAR2B	Pyroptosis
29108	PYCARD	Pyroptosis
9169	SCAF11	Pyroptosis
8487	SIP1	Pyroptosis
114609	TIRAP	Pyroptosis
51284	TLR7	Pyroptosis
7124	TNF	Pyroptosis
54209	TREM2	Pyroptosis
51652	VPS24	Pyroptosis
81030	ZBP1	Pyroptosis
103	ADAR1	Necroptosis
6790	AURKA	Necroptosis
558	AXL	Necroptosis
596	BCL2	Necroptosis
8678	BECN1	Necroptosis
329	BIRC2	Necroptosis
330	BIRC3	Necroptosis
841	CASP8	Necroptosis
8837	CFLAR	Necroptosis
5119	CHMP1A	Necroptosis
57132	CHMP1B	Necroptosis
27243	CHMP2A	Necroptosis
25978	CHMP2B	Necroptosis
29082	CHMP4A	Necroptosis
128866	CHMP4B	Necroptosis
92421	CHMP4C	Necroptosis
51510	CHMP5	Necroptosis
79643	CHMP6	Necroptosis
91782	CHMP7	Necroptosis
1147	CHUK	Necroptosis
2919	CXCL1	Necroptosis
3576	CXCL8	Necroptosis
1540	CYLD	Necroptosis
56616	DIABLO	Necroptosis
5610	EIF2AK2	Necroptosis
2146	EZH2	Necroptosis
8772	FADD	Necroptosis
355	FAS	Necroptosis
356	FASLG	Necroptosis
2932	GSK3B	Necroptosis
3320	HSP90AA1	Necroptosis
3303	HSPA1A	Necroptosis
3454	IFNAR1	Necroptosis
3459	IFNGR1	Necroptosis
3551	IKBKB	Necroptosis
9641	IKBKE	Necroptosis
253430	IPMK	Necroptosis
64768	IPPK	Necroptosis
3705	ITPK1	Necroptosis
9798	KIAA0174	Necroptosis
6885	MAP3K7	Necroptosis
9261	MAPKAPK2	Necroptosis
10461	MERTK	Necroptosis
142678	MIB2	Necroptosis
197259	MLKL	Necroptosis
57447	NDRG2	Necroptosis
7182	NR2C2	Necroptosis
8473	OGT	Necroptosis
57162	PELI1	Necroptosis
5495	PPM1B	Necroptosis
5071	PRKN	Necroptosis
10616	RBCK1	Necroptosis
8737	RIPK1	Necroptosis
11035	RIPK3	Necroptosis
55072	RNF31	Necroptosis
81858	SHARPIN	Necroptosis
10273	STUB1	Necroptosis
29110	TBK1	Necroptosis
7098	TLR3	Necroptosis
7099	TLR4	Necroptosis
7124	TNF	Necroptosis
7128	TNFAIP3	Necroptosis
8797	TNFRSF10A	Necroptosis
8795	TNFRSF10B	Necroptosis
8794	TNFRSF10C	Necroptosis
8793	TNFRSF10D	Necroptosis
7132	TNFRSF1A	Necroptosis
8717	TRADD	Necroptosis
7186	TRAF2	Necroptosis
7301	TYRO3	Necroptosis
23326	USP22	Necroptosis
51652	VPS24	Necroptosis
331	XIAP	Necroptosis
81030	ZBP1	Necroptosis
80829	ZFP91	Necroptosis
2180	ACSL1	Ferroptosis
2181	ACSL3	Ferroptosis
2182	ACSL4	Ferroptosis
51703	ACSL5	Ferroptosis
23305	ACSL6	Ferroptosis
91	ACVR1B	Ferroptosis
84883	AIFM2	Ferroptosis
1645	AKR1C1	Ferroptosis
1646	AKR1C2	Ferroptosis
8644	AKR1C3	Ferroptosis
239	ALOX12	Ferroptosis
246	ALOX15	Ferroptosis
9474	ATG5	Ferroptosis
10533	ATG7	Ferroptosis
571	BACH1	Ferroptosis
8314	BAP1	Ferroptosis
8678	BECN1	Ferroptosis
833	CARS	Ferroptosis
875	CBS	Ferroptosis
79094	CHAC1	Ferroptosis
51510	CHMP5	Ferroptosis
79643	CHMP6	Ferroptosis
55847	CISD1	Ferroptosis
27235	COQ2	Ferroptosis
1356	CP	Ferroptosis
1491	CTH	Ferroptosis
1536	CYBB	Ferroptosis
1723	DHODH	Ferroptosis
1803	DPP4	Ferroptosis
2177	FANCD2	Ferroptosis
2222	FDFT1	Ferroptosis
2495	FTH1	Ferroptosis
2512	FTL	Ferroptosis
94033	FTMT	Ferroptosis
2643	GCH1	Ferroptosis
2729	GCLC	Ferroptosis
2730	GCLM	Ferroptosis
27165	GLS2	Ferroptosis
2879	GPX4	Ferroptosis
2937	GSS	Ferroptosis
3156	HMGCR	Ferroptosis
3162	HMOX1	Ferroptosis
3320	HSP90AA1	Ferroptosis
3326	HSP90AB1	Ferroptosis
391634	HSP90AB2P	Ferroptosis
664618	HSP90AB4P	Ferroptosis
7184	HSP90B1	Ferroptosis
343477	HSP90B3P	Ferroptosis
3309	HSPA5	Ferroptosis
3315	HSPB1	Ferroptosis
3658	IREB2	Ferroptosis
3655	ITGA6	Ferroptosis
3691	ITGB4	Ferroptosis
10162	LPCAT3	Ferroptosis
84557	MAP1LC3A	Ferroptosis
81631	MAP1LC3B	Ferroptosis
440738	MAP1LC3C	Ferroptosis
8031	NCOA4	Ferroptosis
4780	NFE2L2	Ferroptosis
9054	NFS1	Ferroptosis
27035	NOX1	Ferroptosis
50507	NOX4	Ferroptosis
55611	OTUB1	Ferroptosis
5093	PCBP1	Ferroptosis
5094	PCBP2	Ferroptosis
5037	PEBP1	Ferroptosis
5261	PHKG2	Ferroptosis
5447	POR	Ferroptosis
5621	PRNP	Ferroptosis
5743	PTGS2	Ferroptosis
7879	RAB7A	Ferroptosis
6303	SAT1	Ferroptosis
112483	SAT2	Ferroptosis
4891	SLC11A2	Ferroptosis
6510	SLC1A5	Ferroptosis
81539	SLC38A1	Ferroptosis
23516	SLC39A14	Ferroptosis
64116	SLC39A8	Ferroptosis
6520	SLC3A2	Ferroptosis
30061	SLC40A1	Ferroptosis
23657	SLC7A11	Ferroptosis
55240	STEAP3	Ferroptosis
7018	TF	Ferroptosis
7037	TFRC	Ferroptosis
7046	TGFBR1	Ferroptosis
7157	TP53	Ferroptosis
7296	TXNRD1	Ferroptosis
7417	VDAC2	Ferroptosis
7419	VDAC3	Ferroptosis
118	ADD1	Apoptosis
150209	AIFM3	Apoptosis
56172	ANKH	Apoptosis
301	ANXA1	Apoptosis
317	APAF1	Apoptosis
351	APP	Apoptosis
467	ATF3	Apoptosis
552	AVPR1A	Apoptosis
572	BAD	Apoptosis
578	BAK1	Apoptosis
581	BAX	Apoptosis
27113	BBC3	Apoptosis
10134	BCAP31	Apoptosis
8915	BCL10	Apoptosis
596	BCL2	Apoptosis
597	BCL2A1	Apoptosis
598	BCL2L1	Apoptosis
10017	BCL2L10	Apoptosis
10018	BCL2L11	Apoptosis
83596	BCL2L12	Apoptosis
599	BCL2L2	Apoptosis
8678	BECN1	Apoptosis
633	BGN	Apoptosis
637	BID	Apoptosis
638	BIK	Apoptosis
329	BIRC2	Apoptosis
330	BIRC3	Apoptosis
332	BIRC5	Apoptosis
57448	BIRC6	Apoptosis
79444	BIRC7	Apoptosis
112401	BIRC8	Apoptosis
90427	BMF	Apoptosis
650	BMP2	Apoptosis
665	BNIP3L	Apoptosis
666	BOK	Apoptosis
672	BRCA1	Apoptosis
7832	BTG2	Apoptosis
10950	BTG3	Apoptosis
834	CASP1	Apoptosis
843	CASP10	Apoptosis
835	CASP2	Apoptosis
836	CASP3	Apoptosis
837	CASP4	Apoptosis
839	CASP6	Apoptosis
840	CASP7	Apoptosis
841	CASP8	Apoptosis
842	CASP9	Apoptosis
857	CAV1	Apoptosis
8900	CCNA1	Apoptosis
595	CCND1	Apoptosis
894	CCND2	Apoptosis
929	CD14	Apoptosis
914	CD2	Apoptosis
952	CD38	Apoptosis
960	CD44	Apoptosis
969	CD69	Apoptosis
994	CDC25B	Apoptosis
1017	CDK2	Apoptosis
1026	CDKN1A	Apoptosis
1027	CDKN1B	Apoptosis
8837	CFLAR	Apoptosis
1147	CHUK	Apoptosis
1191	CLU	Apoptosis
1387	CREBBP	Apoptosis
1491	CTH	Apoptosis
1499	CTNNB1	Apoptosis
54205	CYCS	Apoptosis
1540	CYLD	Apoptosis
1611	DAP	Apoptosis
7818	DAP3	Apoptosis
1634	DCN	Apoptosis
1649	DDIT3	Apoptosis
1676	DFFA	Apoptosis
56616	DIABLO	Apoptosis
3301	DNAJA1	Apoptosis
5611	DNAJC3	Apoptosis
10059	DNM1L	Apoptosis
1806	DPYD	Apoptosis
10682	EBP	Apoptosis
1960	EGR3	Apoptosis
2012	EMP1	Apoptosis
2026	ENO2	Apoptosis
2064	ERBB2	Apoptosis
2065	ERBB3	Apoptosis
2069	EREG	Apoptosis
2107	ETF1	Apoptosis
2147	F2	Apoptosis
2149	F2R	Apoptosis
8772	FADD	Apoptosis
355	FAS	Apoptosis
356	FASLG	Apoptosis
2232	FDXR	Apoptosis
9638	FEZ1	Apoptosis
1647	GADD45A	Apoptosis
4616	GADD45B	Apoptosis
2643	GCH1	Apoptosis
2769	GNA15	Apoptosis
2876	GPX1	Apoptosis
2878	GPX3	Apoptosis
2879	GPX4	Apoptosis
2934	GSN	Apoptosis
2936	GSR	Apoptosis
2944	GSTM1	Apoptosis
3000	GUCY2D	Apoptosis
3005	H1-0	Apoptosis
3082	HGF	Apoptosis
3148	HMGB2	Apoptosis
3162	HMOX1	Apoptosis
8739	HRK	Apoptosis
3315	HSPB1	Apoptosis
27429	HTRA2	Apoptosis
10075	HUWE1	Apoptosis
8870	IER3	Apoptosis
10410	IFITM3	Apoptosis
3456	IFNB1	Apoptosis
3459	IFNGR1	Apoptosis
3482	IGF2R	Apoptosis
3489	IGFBP6	Apoptosis
3551	IKBKB	Apoptosis
3606	IL18	Apoptosis
3552	IL1A	Apoptosis
3553	IL1B	Apoptosis
3569	IL6	Apoptosis
3659	IRF1	Apoptosis
3669	ISG20	Apoptosis
3725	JUN	Apoptosis
3875	KRT18	Apoptosis
51176	LEF1	Apoptosis
3958	LGALS3	Apoptosis
4000	LMNA	Apoptosis
4060	LUM	Apoptosis
8567	MADD	Apoptosis
6885	MAP3K7	Apoptosis
9261	MAPKAPK2	Apoptosis
4170	MCL1	Apoptosis
4255	MGMT	Apoptosis
4313	MMP2	Apoptosis
4671	NAIP	Apoptosis
4739	NEDD9	Apoptosis
4744	NEFH	Apoptosis
10811	NOXA1	Apoptosis
7182	NR2C2	Apoptosis
4916	NTRK3	Apoptosis
5058	PAK1	Apoptosis
27250	PDCD4	Apoptosis
5159	PDGFRB	Apoptosis
8682	PEA15	Apoptosis
5327	PLAT	Apoptosis
5330	PLCB2	Apoptosis
9890	PLPPR4	Apoptosis
5366	PMAIP1	Apoptosis
10105	PPIF	Apoptosis
5526	PPP2R5B	Apoptosis
5534	PPP3R1	Apoptosis
5538	PPT1	Apoptosis
5551	PRF1	Apoptosis
5663	PSEN1	Apoptosis
5664	PSEN2	Apoptosis
5747	PTK2	Apoptosis
5914	RARA	Apoptosis
5970	RELA	Apoptosis
54884	RETSAT	Apoptosis
388	RHOB	Apoptosis
89941	RHOT2	Apoptosis
8737	RIPK1	Apoptosis
6041	RNASEL	Apoptosis
6093	ROCK1	Apoptosis
6303	SAT1	Apoptosis
6304	SATB1	Apoptosis
6309	SC5D	Apoptosis
5414	SEPTIN4	Apoptosis
6574	SLC20A1	Apoptosis
4092	SMAD7	Apoptosis
6647	SOD1	Apoptosis
6648	SOD2	Apoptosis
6709	SPTAN1	Apoptosis
8878	SQSTM1	Apoptosis
6890	TAP1	Apoptosis
29110	TBK1	Apoptosis
7042	TGFB2	Apoptosis
7049	TGFBR3	Apoptosis
148022	TICAM1	Apoptosis
7076	TIMP1	Apoptosis
7077	TIMP2	Apoptosis
7078	TIMP3	Apoptosis
7124	TNF	Apoptosis
7128	TNFAIP3	Apoptosis
8797	TNFRSF10A	Apoptosis
8795	TNFRSF10B	Apoptosis
8794	TNFRSF10C	Apoptosis
8793	TNFRSF10D	Apoptosis
51330	TNFRSF12A	Apoptosis
7132	TNFRSF1A	Apoptosis
8743	TNFSF10	Apoptosis
7153	TOP2A	Apoptosis
7157	TP53	Apoptosis
8717	TRADD	Apoptosis
706	TSPO	Apoptosis
10628	TXNIP	Apoptosis
137970	UNC5D	Apoptosis
7417	VDAC2	Apoptosis
7465	WEE1	Apoptosis
331	XIAP	Apoptosis
