ID_sample	PCD_Subtype
25-R	PCD-FA
350-R	PCD-P
345-R	PCD-A
349-R	PCD-FA
26-R	PCD-A
27-R	PCD-P
28-R	PCD-P
352-R	PCD-P
353-R	PCD-PN
29-R	PCD-NF
351-R	PCD-A
30-R	PCD-NF
73_R	PCD-P
74_R	PCD-P
75_R	PCD-FA
218_R	PCD-FA
327_R	PCD-P
328_R	PCD-FA
329_R	PCD-P
40-R	PCD-A
41-R	PCD-A
42-R	PCD-A
347-R	PCD-FA
43-R	PCD-FA
123_R	PCD-A
48-R	PCD-P
49-R	PCD-A
346-R	PCD-A
295_R	PCD-FA
50-R	PCD-A
51-R	PCD-FA
83_R	PCD-A
124_R	PCD-NF
296_R	PCD-PN
330_R	PCD-P
331_R	PCD-P
332_R	PCD-FA
333_R	PCD-PN
58-R	PCD-NF
59-R	PCD-PN
60-R	PCD-A
229_R	PCD-PN
354-R	PCD-FA
130_R	PCD-PN
177_R	PCD-PN
131_R	PCD-PN
66-R	PCD-P
183_R	PCD-P
132_R	PCD-A
67-R	PCD-NF
133_R	PCD-A
91_R	PCD-P
92_R	PCD-PN
93_R	PCD-NF
94_R	PCD-A
95_R	PCD-NF
96_R	PCD-P
97_R	PCD-P
98_R	PCD-A
99_R	PCD-PN
100_R	PCD-A
101_R	PCD-PN
102_R	PCD-P
103_R	PCD-P
104_R	PCD-FA
134_R	PCD-A
135_R	PCD-NF
136_R	PCD-P
105_R	PCD-A
137_R	PCD-A
230_R	PCD-NF
106_R	PCD-A
231_R	PCD-A
138_R	PCD-NF
139_R	PCD-P
184_R	PCD-NF
140_R	PCD-PN
297_R	PCD-PN
232_R	PCD-A
141_R	PCD-PN
233_R	PCD-FA
142_R	PCD-FA
143_R	PCD-A
144_R	PCD-A
145_R	PCD-A
146_R	PCD-NF
147_R	PCD-A
235_R	PCD-A
236_R	PCD-P
237_R	PCD-A
298_R	PCD-A
240_R_R	PCD-P
243_R	PCD-PN
111_R	PCD-PN
208_R	PCD-A
246_R	PCD-A
247_R	PCD-A
160_R	PCD-PN
163_R	PCD-A
164_R	PCD-P
165_R	PCD-FA
166_R	PCD-A
167_R	PCD-A
211_R	PCD-A
212_R	PCD-A
253_R	PCD-A
254_R	PCD-A
255_R	PCD-A
256_R	PCD-FA
257_R	PCD-FA
258_R	PCD-NF
259_R	PCD-NF
260_R	PCD-NF
261_R	PCD-NF
348-R	PCD-PN
356-R	PCD-FA
262_R	PCD-A
263_R	PCD-NF
264_R	PCD-A
c8b12790-eaf5-4871-8d4d-7e6b0e9d3e61	PCD-FA
c8154cb8-d29e-47f2-891c-d631f25ab41b	PCD-FA
d04691e2-a8d9-4842-8c83-11dde8b1d8d5	PCD-NF
0876c0fb-e616-434c-a9d7-baf8eec50f0d	PCD-FA
addabf29-b512-442b-8429-7f1c62b9f546	PCD-P
055b1980-0c7f-46f6-9e54-5c52da328296__f983075c-d5ea-41b6-b1cf-e030bc8ab095	PCD-NF
27a45295-d131-4995-a629-b38555f11d7d	PCD-NF
c9f5cfe7-4255-475a-a447-4925ca06df67	PCD-A
f7ea3163-5f54-47f0-bc3d-92b1e2d76135	PCD-A
4968f9c6-87e9-45a3-a983-2579a8212735__b1b745e6-cae0-4623-b6c2-7fd515318b1d	PCD-A
4229ad55-48de-4ebd-bd41-0c58878856c5	PCD-P
65647909-2a7e-4134-8aa8-8b856ae0533c	PCD-FA
76f43710-768e-4529-887c-4854553241ea	PCD-P
7abde899-54db-4308-840a-b532a4ff7d65	PCD-FA
6ccc231c-515e-491d-98f1-96dae81c8dc4	PCD-PN
e5d59176-fcd3-4164-ba43-276c7454ab22	PCD-FA
d6ec5533-e8b6-4a14-a455-cf81730938ad	PCD-NF
fc256821-41c9-47f2-9957-4532e21a40cd	PCD-PN
e9dac183-b6d2-4cf0-a54f-537a8386d08f	PCD-NF
197adde4-d1e8-48fd-b7af-4a72c4f33145	PCD-FA
feead7bf-e439-40ce-b1fe-23f06df0c5d6	PCD-P
1a0b436d-7609-402d-97f2-4fe4544f8f84	PCD-FA
eeaa8593-c34d-41cb-8b29-f5989cbfcadd	PCD-A
90d501c9-8c51-4490-88f7-96186c4aa42e	PCD-A
0aca2c39-1330-4638-836b-e343321aa69f	PCD-A
10d6a8b3-a2e1-4428-9091-8d4085e5abc6	PCD-FA
bad95903-cb7a-4db5-988a-c4d5c3135ec8	PCD-NF
16f68636-f432-424b-b6b9-862598fd4c9f	PCD-NF
deebc8ef-52d4-43d0-8739-194383726bb6	PCD-FA
6b44d622-a6a9-4296-aa26-d782c23a57a2	PCD-PN
51569702-1a49-4646-8f35-1ea84d3411a1	PCD-A
fe3fff51-2a05-4fb7-8f59-dcd1173a4f52	PCD-FA
c5148c96-4b2e-4980-9276-ad2ccedb3e2b	PCD-FA
da4334cc-2278-47fb-8e01-451cf0f95721	PCD-A
8b43df4e-a063-4c53-b48b-74b6048771f1	PCD-FA
a9ec9457-87b5-434d-b540-aea93b9fbfd0	PCD-PN
23e93ffa-925b-48a7-9589-7708ffc03d10	PCD-P
e2850021-f01b-4529-a99f-9e2d485f73b0	PCD-A
89ee14e8-c27e-4bb9-b03e-59a79381ed75	PCD-A
9074871a-34eb-4db3-af1b-b7a3811f1c5c	PCD-FA
5e4fdbff-ddcc-4ec0-ac4b-258f448aa716	PCD-P
d6b39b65-979c-41ad-a640-c254a36073ae	PCD-FA
f3925dad-54f8-4eb7-afaa-f4efb43bf36e	PCD-NF
04612cb9-d226-417c-8917-a0a2cc549e5b	PCD-A
659f33cb-e0f2-456a-9dff-39c33c39767c	PCD-P
510a0fea-8dda-4e77-b688-f9cb3bcd3d8b	PCD-PN
1b5f3393-9f11-4f6f-bcee-d1a1c91ba555__f84146d3-b67b-498e-8350-d8b22257b530	PCD-FA
9ccc833c-363a-49da-9376-e081efd8873e	PCD-FA
eedf6c37-be48-4eb6-a90f-8de19c657541	PCD-PN
30c2ee8d-7311-4c83-a827-4cd6a11499b1	PCD-A
1c816bd4-c380-4342-aa25-c0cb0cd39447	PCD-PN
5493b265-dd8d-4621-904b-4c815ca980f2	PCD-P
6deebfd0-1357-4c38-8268-ad2fbc85bead	PCD-FA
644ea9d2-e497-499a-a580-472489553f9f	PCD-A
17d341dc-cc7f-4efa-9725-3974b1c5efd0	PCD-A
22809d8b-fe81-4e5c-9c5a-9a58f5f53e92	PCD-FA
c9fde988-dd85-4476-98e6-f485d8a0efb1	PCD-A
d348aec0-d9cd-4e39-a1cf-546c73c5c286	PCD-P
46cdd3b9-032b-4a1c-b2c0-fdda6401d1e4	PCD-A
7d8eb85d-8617-4736-93be-4d5711d16e9f	PCD-P
dab1d0d1-3eec-41d6-96ba-8f16cc3e60f5	PCD-A
a92d0378-51cb-40f7-860c-52a3d11aed4f	PCD-P
f0218576-ada3-47fb-978e-3d07f4d07666	PCD-A
10ffd10d-f551-441e-a287-baf9263013c6__1994eb7f-2975-4444-aee6-7f568a06f1f1	PCD-PN
27f9335d-c493-4290-a385-056e9afaa2e6__6cff0345-97ae-4198-b413-72fcafe094ee__fcbf0a05-def0-4461-9e08-ec53e30197cf	PCD-PN
b76720db-8d47-4c95-8b4b-b51ff66da8be__c40bf848-8c4e-43cb-98d2-2820c621e2c8__eb2b29db-2b40-44b2-8e2e-d83ff4b9dd96	PCD-PN
235a0f98-339c-498d-8452-accd9554f67d	PCD-A
476bb58d-18bd-4c6b-b6b1-b68782697ed4	PCD-FA
a3dc1947-6593-41d1-ad10-90ed193a638b	PCD-PN
503d1031-c06c-4a1c-9558-25b799595d56	PCD-A
c6ecab9f-2e5e-45ef-8ae0-a17414a8334c	PCD-P
e65b4a25-b2eb-47cf-b01a-a3164f687520	PCD-P
564fc785-4328-42a1-bb05-2c1558aeeb08	PCD-NF
c43c4d5e-a8de-46a8-9ae9-f0146341c6d7	PCD-A
b0765dde-9bf8-405b-80a5-eaab76c77a30	PCD-PN
57826b73-baf2-4421-8358-2ba5d540ab2c	PCD-P
f595cc43-0d41-4720-aa34-a6639ec83a01	PCD-P
10cbb9fd-26e4-43f7-b999-7eba8f2d65ec__9e7a68c4-1472-417c-a0d4-c84c4c61ce4b	PCD-PN
6787083c-d663-41d2-a293-ef838432a066	PCD-A
9b21a964-5c0a-4ad6-84a1-87555bf7d195	PCD-FA
7f941f9f-b155-4d44-b3d2-6c01b076ac00	PCD-P
cf3b68e8-4fea-46a4-b0bf-85f0619bebdb	PCD-A
3b8d9f6b-e030-43ce-80d0-df0d527960ca	PCD-PN
e6efeeda-c61f-4243-ab9c-9138ced0f9aa	PCD-PN
5d5fbdae-7b3e-4b91-85d8-b3ee4c7cb3df	PCD-FA
774af7f2-5a53-4fff-88e4-d44cb05e1494	PCD-FA
d26c2302-61f3-48c9-a7f3-53e383d24b19	PCD-NF
a65b241c-2559-4848-a0f7-c72cf6d63ddd	PCD-FA
95d9801a-70f0-49e2-86d6-a78af6738e59	PCD-P
921cf871-f3ea-44f2-b0ef-4dede9a661b3	PCD-A
955ffc68-b2b8-4629-bc30-604e8cf80c5e	PCD-P
4a2414fa-67c1-4faf-a3ec-5a99d8ef15a3	PCD-A
8999c6df-b66b-4749-97c1-f3b75697b37d	PCD-P
2a174de8-cf21-4dbf-b601-ea9b710866bc	PCD-P
6f56d3a0-5c29-4956-b02a-8636957c94f3	PCD-PN
6e0a71a6-2169-4c63-a0b5-5466ae1d8d8e	PCD-PN
a7d2ad6a-b457-4385-b39e-57d6effb7d19	PCD-FA
6f44643e-b8d8-42bc-92c4-07329ab238ea	PCD-A
b104b358-745c-4123-9113-9d32f17004e3	PCD-FA
9b83331a-4bac-43a5-b745-ae320393520d__ea527177-f384-49ae-bf04-9d639dd11f5a	PCD-P
72df0fc1-a281-4325-9cf8-9a66808bd1eb	PCD-A
9c039399-91c5-4779-a266-93fa3e03e03d	PCD-PN
7b0a1ef2-aa4c-4046-a1b5-9a02fb3aa205__8a6efbf1-cb9b-474d-8a67-11747f0dc84e	PCD-FA
fe3dea76-3ac8-4e45-80c5-6c2b0c9077d7	PCD-NF
e267b485-8da1-42aa-8686-4057bc718d4b	PCD-PN
3d608887-c507-4378-8222-b30e7107fc00	PCD-A
d9976d69-ead1-4b60-ad9d-be92238bc853	PCD-A
31148433-20ee-4d91-99d1-527bf6d6a2ba	PCD-PN
95bba73b-f215-4b5c-8183-9928d9d511ff	PCD-FA
5bf103f3-22fd-4281-b713-24811af772a5	PCD-NF
49053342-efd4-4e02-9362-95bdb0713bb9	PCD-PN
01ed0193-216c-40b1-bdf9-3a8a56f972ae	PCD-NF
8d27ac05-2511-41ba-b3e4-181d77587d89	PCD-A
11f83251-f6ee-4433-b23a-13508f6460a1	PCD-A
48d26e2e-0e14-4369-ad2f-290ab9138583	PCD-FA
978b40fd-f4a9-4cdd-82a0-5e34bc5a1b58	PCD-NF
9deb7a6b-72dc-47f1-98a6-de492c43fa68	PCD-P
b929b222-7355-476e-8718-766dcb5c04b7	PCD-PN
915c8e6b-8060-4c43-b1b7-1985244fb174	PCD-P
d48924d0-6757-4d9c-aed4-d92459a370f6	PCD-PN
517c3923-0ab4-443e-a72d-96b4bfe731c4	PCD-PN
b9603cd7-40be-4952-93dd-76631666c251	PCD-FA
de8493f8-9416-433c-af3c-a50bd44afcc1	PCD-FA
ef4bbe7e-d06f-46b8-8161-c55b24262446	PCD-FA
42ed3c50-13bf-4e42-8282-0cea57c60996	PCD-A
b3bace22-0c0d-4466-bf43-0445f90fbdd9	PCD-A
260e0851-37da-4a2f-a136-6016bc7c2fa3	PCD-A
38d4bd5a-adc4-456c-9c52-6c4bb35e83d1	PCD-A
18f23b20-a975-47e4-942c-7c246f9ff91b	PCD-NF
30448a94-f4c3-48b9-8ecf-210c6b1e263e	PCD-P
0bd263a3-de54-4514-874b-a834d0508eef	PCD-PN
40e1b971-b805-4b71-b610-c436ef50a02f	PCD-FA
861c14c7-4d35-4fcd-bdc8-69b49dd560f0	PCD-PN
7895db93-aba6-4caa-9122-6d315808cb8a	PCD-FA
6d9b8c32-9211-433f-b2d8-d4a121481203	PCD-PN
2e6c00dc-2bb3-4d56-8d9b-b6e20adfa1f1	PCD-PN
6464fff6-85fb-402e-9d9b-b8d29ecd772d	PCD-FA
f19f7c3f-795b-41cf-b632-dfdd9d53e8cb	PCD-PN
fc840a34-752e-4dd5-9512-d567b6ddf71c	PCD-FA
66364fc1-5e9f-49ec-9fcc-12f0e547c87c	PCD-PN
babf88e0-1797-4e2b-adf4-2327be343cf8	PCD-A
6b4ca01c-c6c6-4cbe-9cb5-bece8f5704d8	PCD-A
937e8fdf-2374-4ce6-9a6b-9f997e23ad4d	PCD-FA
e4622ef1-a3f3-4d9e-92a5-e244bbfa781c	PCD-NF
36d3290a-b54e-4a1c-9b1d-f0ca78ac60ed	PCD-PN
8b48233b-2e99-4e90-884f-69f7daf3cd85	PCD-PN
8039a49f-0688-432c-918b-0f3f9d3e8ec2	PCD-A
d2f9e322-5b2c-46f9-b3f3-b64e1489b177	PCD-NF
4266ecc1-795a-45eb-b5ab-a4285a5f8753	PCD-FA
86007757-f482-47a0-82b9-506d5d9a275b	PCD-FA
4591a53d-5668-4a70-b44b-e08a3d59267e	PCD-FA
984109ff-a992-4233-8b66-c24a0a2cfa08	PCD-A
c216d883-4767-4659-965c-1b5b340b606f	PCD-NF
07f62332-1eee-46f5-af27-21b92bc416e3	PCD-FA
baeaf28a-7619-43ea-8440-fc8e54ca3150	PCD-PN
a1a06007-fa8f-45cd-ba70-c1d0a14c208b	PCD-A
8ae94817-6e9d-4df0-9e20-ae4b034b4962	PCD-A
a1a54e1a-7b98-419d-ac26-63ae22ea3620	PCD-A
779f4904-9e19-409a-bc09-a729877646c6	PCD-A
f9b6fd25-7ae4-45ff-bf3f-e4060efe7ac7	PCD-A
29396e38-27d4-49e1-b0b8-1e8db7dc45ae	PCD-NF
3bab57fc-7661-489e-80cd-1b70f5f6d128	PCD-A
db874cae-5da2-44a4-b591-df37c8a4e33e	PCD-NF
c058bf93-3aa5-4a87-974a-9936736c84fd	PCD-FA
5c2a012d-2113-41e3-8eb0-6944c790363f	PCD-A
7b12edaf-0d99-4cf2-950a-8d0cae1500a4	PCD-P
add6e7d1-03ce-479c-bdd4-f39866357324	PCD-NF
0b780f0b-eedb-4d82-b24b-26d21c4455ba	PCD-NF
deae7e20-a45c-4bcf-b5d1-c59ec0a97a2d	PCD-PN
9cec7514-2461-4666-a722-221465b25c7f	PCD-PN
f00c43ea-35be-4e90-8854-8c03cbc46b50	PCD-P
a697d24a-7baf-48b0-9494-c75661b01db1	PCD-PN
5739f899-065e-4a76-85fe-a6191e99be28	PCD-PN
b1740653-9043-4e40-955b-5a6e348a0a9f	PCD-A
54e96ff3-c813-40cd-80c9-5a64bc0027eb	PCD-P
8afb4e36-d73f-4c2b-a3a3-2ac922ad2e97	PCD-P
fcaba096-2f2d-4611-8feb-2a55d6b0fa1a	PCD-NF
ce7723b5-9182-4e56-860e-3655d873692b	PCD-P
0420dc35-d0de-4090-b184-89cc7d04680f	PCD-A
70cf560c-06ba-41f3-9e72-8687513afded	PCD-A
bc1f7be1-a227-4656-94ad-6a9e83069924	PCD-FA
523f34bc-abab-4477-a6b1-3f994d29d320	PCD-PN
608d55a4-3041-4f97-a776-ba5a39f5f282	PCD-FA
790912d7-2810-4c9d-9073-44a361f69273	PCD-A
bf27a624-3523-41f8-ab24-4dd700c60824	PCD-A
3d1e938d-1803-4f0c-ba46-aaec4157e6b7	PCD-PN
7de76da0-2f74-40d9-98ed-880377ac8acd	PCD-A
92424f8a-ab0f-4fb6-b1ef-56906e9b7572	PCD-PN
ba585cef-1536-4a55-bf8f-06cf2d34b451	PCD-NF
81f71020-5110-4d6c-a461-4c2909db5f0e	PCD-PN
8913f776-fd7a-4345-9ced-bda1a2496b33	PCD-FA
b810329d-ed2e-43ff-8f6e-1fc47139d523	PCD-PN
fb1066e1-d9ec-44e0-89c6-57f5b77f099c	PCD-PN
7a4ef07c-dd9b-497a-b088-bf3f2ec38132	PCD-PN
e10d2ef8-b134-4929-9d01-756e3419d452	PCD-A
9796fbb4-b7c3-4b49-96a5-dd727e8a49cc	PCD-A
e0dab8ee-9d6e-4a1d-bf3e-602dfd262baf	PCD-A
35b3477a-8814-4f40-ae47-7b40992e1a0f	PCD-FA
a6e3f038-7c41-4961-8833-3f9382d07281	PCD-A
220b6505-51f5-4c89-a96a-a9d35d019524	PCD-A
47ca2331-a860-44ca-a069-e2b2aea76a3e	PCD-NF
0e9ebb02-7b2c-4c01-9d7e-af9d0e5e68fc	PCD-NF
93c796e1-7ccb-468a-9b1a-e3da63b9ede5	PCD-A
87d455f6-4be6-4f79-b343-c4efbbd3f707	PCD-PN
a6ede44d-0206-4fc6-9888-2dea75a5cf46	PCD-NF
b67a10a4-1866-44a2-bb68-1a8ec8652427	PCD-A
9debf573-6376-42d9-92f2-05200440a896	PCD-FA
bd5b96f6-b570-4ee8-b2e1-0131515cc980	PCD-A
331b4168-af74-44c4-9c2c-235b295a32aa	PCD-PN
c6cb701b-98e7-479b-858d-48725a02f55c	PCD-NF
0d7a2e99-e3c0-4b06-8109-24f3b7b5cdcb	PCD-A
b8952cfa-68f7-42da-a6fb-aac4357e0813	PCD-PN
c592c1c2-b8c8-42b8-867e-79208cb14155__db794355-9d14-4917-ac65-fccf0951ef4b	PCD-A
68de0994-c58e-4042-9b8d-863f798171b3	PCD-P
4c8f9392-2b64-4ef1-a6f2-db31e3f2b02b	PCD-FA
42fd6f25-8f43-4ff2-844e-d99ded7c3598__cb11fd26-37ba-4dad-83f3-99c05588bf77	PCD-P
905cfe23-4855-4707-8072-2eccbb0a40cd	PCD-PN
452348e2-ee6d-4acc-a373-a391bfc08bb6__a4285cdd-0ee4-451a-a054-29ec853e6078	PCD-A
a26f1b10-922f-4386-bfb2-5a050e4a513f__c7c01f70-d216-404a-b3b1-f5a7593a31d1	PCD-PN
3fa5aa04-7cd2-4ca9-a78a-8102f3300f0e__af00a999-77f6-4722-8f2a-caf51871a566	PCD-A
28a0d90a-5483-46bc-954d-2ed7bec4d2f7__6f90d1eb-806f-478f-a1d2-430b26ebd395	PCD-P
f6b130cd-12bf-47fa-8e11-c46f58941e4d	PCD-PN
20fc29d0-1060-4e43-aa08-3ca817a95ae4__523d96ac-7f20-4e80-9fa3-120fa080c75b	PCD-PN
2cd374ab-8646-4803-8878-4d7f993b256e__a11f5dd3-63e5-4403-8735-d0fcc79e2e6b	PCD-PN
80402924-c2e0-4764-9b4c-6961d95f0580__cf007fef-9991-44a0-9c1e-f7a7e6ee6e84	PCD-NF
38148721-d38a-49a1-987a-18047ee89cae	PCD-A
f24bdea5-658f-4b4d-8b66-52b77b851290	PCD-NF
b77cc044-fcc5-47e2-b0c8-148c161d0586	PCD-A
e35f16ca-6e38-467a-9610-323b2e518f13	PCD-NF
c2d2959f-ee41-40f5-92f8-845ca44959a5	PCD-A
074884d4-a09e-475f-b710-946517b34356	PCD-P
7c1cdbcb-0345-4fe6-93cb-3402b93072ab	PCD-PN
4c1c03f2-1b8d-4c77-8f9b-b1cea9641c17	PCD-NF
f0c934a8-4c7f-4167-84f2-41966479d55f	PCD-PN
0973056d-288c-4131-b94f-40bab869d7bd__92c593d4-55f5-4c35-a345-02eeb5569da8__e26e6c97-18ae-4ce9-aa6d-e49a12e02334	PCD-A
36a392eb-50ac-46a2-ad0a-d0c95517e189__5c482bec-a355-49ce-897a-27c21b4ed502__ce7e9ecf-6fdb-4036-bbbe-7bcbbf03a12e	PCD-A
08231998-9193-483d-8e11-8d2a56e93c13__1deed06d-9446-4a4f-b452-350daba32d1c__6575f015-252b-416f-b87a-9dd2a2877cd8	PCD-PN
1290912a-7232-412d-9d0e-4e7945c1210b__45e9f745-57ab-4b1f-9c77-291c5b859434	PCD-NF
781691bd-ce92-4eae-b8f2-832ae8715fad	PCD-A
04a592ba-1163-4f3f-b448-986572a8f0cf	PCD-FA
80a7b8a9-999d-4305-81d9-cdc83bed1ca1	PCD-NF
0291f03c-1348-40e1-b4f0-1d9c9683de41__1144ee40-6830-4df2-b072-7ff9f2dd9550__7ed3d7a2-dd9c-4557-ba6b-8fcc2a7f02a2__ac8664aa-6fe4-429a-8223-ea6920f9fe0f	PCD-A
533c2b91-2d31-4fa1-a72a-3fdd9e6a6b7c	PCD-NF
e4ecc162-058a-41e2-b20e-5cdebdcf17d4	PCD-PN
583d3b54-b3f5-47c9-90c6-479f14861f72	PCD-PN
00ff9dcc-d053-42d1-8c0c-1b67f9c080da__9b446072-9587-4282-b448-ece42ad1989b	PCD-NF
8336dd6f-04af-4a60-b292-fd7fd037e97c__d0a0447f-dbac-422d-b849-269d594ac68b	PCD-FA
0b51e408-55be-47bc-9d43-6030e1492c8d__65b2eca5-17b8-446c-8ca3-7dfb8d47156f	PCD-P
334d4ec6-ae9a-426b-9e32-7b814959b281	PCD-NF
33d1fd2e-ac99-463e-9f55-ffbae5584510__3c6df92f-bccf-436e-ac97-85c81ed25f42__5000e4a1-f428-461d-9551-e208d0038374__c74a5ee1-f941-498d-8cb5-7e124e731932__d5b4667b-86a2-4668-b8f4-0d34a7fca14c	PCD-P
98817a33-a7e1-4292-9906-43c68fe93694	PCD-FA
c613046a-5d1a-4e22-b27e-c5e06098e2e0	PCD-A
2ecc0088-a127-4131-821f-c7d8863e3d39	PCD-A
51d66aaa-317b-4f2b-9473-c1e9c26dacc1__bb9b5076-8d1a-4dcb-b378-981489c10288__d669c0cf-af25-477d-b068-8edf3f333bb6	PCD-A
79d515db-a72f-4123-804c-374e55f1a3db	PCD-FA
be0ffcd2-e94d-440c-83b6-63a18b85d5e3	PCD-NF
c11320ab-4222-4cda-926d-cf04c4d9226b	PCD-NF
fb1f2148-150b-4a52-91ae-1806b914b23a	PCD-A
a9a7faeb-967c-4919-8188-5f55b883df47	PCD-NF
c80138f1-132b-472a-a97c-9913f0deee49	PCD-A
8a217600-83e2-4e9b-8dbb-9866731f0af4	PCD-P
704f4d9d-153b-4035-a30b-e3139a80aa74	PCD-FA
81537e8b-e699-46a1-898a-d6f5d72925f4	PCD-NF
e2f7dd9c-a07b-4069-be57-ca3c6887fae8	PCD-A
f453fef1-0be0-412d-9777-81fcdae4d74a	PCD-A
0dfe8e3c-53ba-41af-b010-194c5bae629a	PCD-FA
2ae6909b-6335-467f-894d-10ab4bd72771	PCD-P
3421bd7e-521d-4ed1-a091-13872c725b87	PCD-FA
6dac3d25-1743-4147-98f5-66d6eaede47f	PCD-P
18c78ae2-77c2-4d7a-8ada-d870c6d78225	PCD-A
ff431be2-733c-46e9-9195-7db7cfd50346	PCD-FA
c5c4e6ac-2064-4e56-9882-8d87368ac077	PCD-FA
64ae63cb-418d-4ceb-9f8a-dec0128e022a	PCD-P
c29a9399-df2b-451d-a988-7f7cdc4ef2fd__f8fbd3fd-9493-48c1-84f0-09228b4079fe	PCD-FA
36f269c8-c23d-4e85-84ea-4ad65a33330f__bf14e676-b939-404a-86cc-60d8c3543bc7	PCD-NF
93e466b9-246a-4bbd-9b2f-b72eafdea08b	PCD-P
1800339a-9306-48f1-a4cb-5836310680f1	PCD-FA
ddea2e45-72c5-4ca8-a55a-d2877579f9ed	PCD-FA
52444a61-31fe-4969-abb7-1bb4e2483738	PCD-A
4452ca35-8c6c-4549-a538-86c7f2e82f2f	PCD-PN
a0e4c6a1-c888-4b08-8a58-fe3be1d6ae56	PCD-P
5fbbf97f-00eb-4638-af32-071903813809__f11d74b0-fe0e-4d5b-abd5-bc4b13f7ec2c	PCD-PN
046bf2fc-bbc1-4b09-a91c-af7c1813a186	PCD-P
047df64a-d51f-44dd-a921-c4761ae9596f	PCD-P
80273d65-55f9-4ce6-b479-a9f849ab5389	PCD-NF
6e138fdf-589c-4414-961e-ec6f94f70ee2	PCD-FA
911e172f-3f03-4017-b5d1-e03c47f294ec	PCD-FA
1470e0ae-4e67-40fd-9070-df81f9ac5f4f__50f1d7b3-a37b-421c-9d2d-8972b27f5751	PCD-P
11b0767c-09fc-4d56-9f7c-c79afc767f44	PCD-PN
dcab0130-fe37-4b2a-b280-fb1e38438687	PCD-NF
2abe71bf-db7f-41d8-9ad0-839cc4124df3	PCD-FA
5ec858b5-3cb6-4941-b23d-058b6ccc1460__da19d5a4-05d0-4b53-916e-0de253882b6d	PCD-NF
f9f55b3e-27db-4c81-92d9-d441a7ee4683	PCD-FA
f1a06fdd-8997-419f-9efe-a7e39e0deedb	PCD-FA
47e6c920-ca69-4d27-a7db-4cc132b7d56e__909bf31a-6083-4f67-904a-7e94aeb90767	PCD-FA
c7641f5f-63de-4e12-8bd5-6cf17dd656ca	PCD-FA
d9d67912-ec84-42ad-81a8-43f3296a8c73	PCD-P
00848ea4-c3f9-40bb-b37d-c084eaf51dcb	PCD-NF
36c4f984-0e2a-4bec-bb53-897979484965	PCD-A
2240eac6-b4be-4056-9422-d688b48048bb	PCD-P
4126426c-203d-4cd4-ba17-0ef76440cf87	PCD-P
3685f8d1-9671-4aa7-913e-ebe31b68d425__afdd1407-65a2-4b64-b3ac-2102f1348383	PCD-P
9932a387-f56e-40c8-9b49-2dabb8b2d83b	PCD-PN
bac9d8f5-fb8c-41e8-a000-a249c6bfb69c	PCD-FA
f55d0d3a-4cde-42e0-bcd8-434d178584b9	PCD-PN
6efa9f62-df24-4381-8e8f-29a75adbcee9	PCD-NF
65986c99-2271-4722-bf28-fd85d1e76132	PCD-NF
b6edf615-6f46-413a-90df-7d4ec8430730	PCD-PN
4b126ae8-7051-4a79-977d-114ff0f45db6	PCD-PN
88ce038f-891b-43b8-89ec-93a674e6cf1e	PCD-FA
a1e66fe5-9cc5-4d65-a28c-242188cd5742	PCD-PN
edb19d15-2ba2-4ca4-aee0-ec76bdf4b0e2	PCD-A
7686a019-76f6-4073-be1c-76ccf78d6522	PCD-PN
baee1813-ac46-4dc8-88d3-edada99c55f0	PCD-A
51aa96ad-06ed-4ae5-870b-3d0e9563d928	PCD-A
1f47716a-3b7c-4d8e-88e9-4c037fd279aa	PCD-PN
074b2775-8494-456d-b251-fe74c53c60ff	PCD-P
b509f5d4-08d5-4e4e-8b02-eef8f9de0190	PCD-NF
e5d6c0f6-ae27-4825-989b-bf95c47422c6	PCD-FA
853ff0d4-5efd-48b2-b86b-884f2f5e2a14	PCD-FA
346351ee-f6a5-48b7-9867-7c096f3d2f2f	PCD-FA
5ef1f516-a224-4476-8b78-3ee7a72a9184	PCD-A
40bdca60-c897-44f5-8a29-4d10901463c6	PCD-PN
ea3f82f1-e426-401b-93ed-4c7bdc50eba6	PCD-A
10303ceb-92eb-4ee3-9420-8448bc242a88	PCD-A
8a97f81d-5070-4632-9367-a1b4c1318478	PCD-A
d2496178-3956-4b2f-a639-885555955cf7	PCD-A
c2209f8b-f56d-4dca-98c7-4bb845d1ac6f	PCD-A
33dbc847-dc41-406e-8413-bae1fd7d8d3b	PCD-NF
278f5083-10c9-47be-bb16-388d40414838	PCD-PN
b31d4d14-7aff-445e-b550-d0769c771011	PCD-A
1223f3ec-1d91-441e-bbb3-b2b9b8ce0d39	PCD-NF
f477b266-2020-4309-9836-50d7ead88615	PCD-FA
c23f3c5e-2a9d-4434-9f96-b229d2faf016	PCD-FA
9182fd8c-5336-436f-b493-7fc8ce6e7c14	PCD-NF
8fc8a87b-0e72-4bab-afd1-0bbeeb495c8f	PCD-FA
faeeaa0c-90cb-403b-a125-3179cd34e7fd	PCD-FA
108176e6-7b93-4f62-8c0b-fd604046673b	PCD-A
df48e9d9-cb57-4ff8-b714-5232c4113e46	PCD-A
446721d8-cba9-4a91-9593-7e3f62d579e1	PCD-A
1879fb2c-9f39-415d-8a28-42093c4030f2	PCD-FA
9c189695-c2d2-4acb-a6dc-dcb02a01680a	PCD-NF
6adff7d5-2895-4c47-a3d7-d4e66a786241	PCD-PN
de6f8f22-5218-4a49-b680-d07360a3733c	PCD-FA
c824c302-ad94-4f6b-bb8e-cdb514dc3a98	PCD-A
cbf52837-021a-4e8a-9b10-e19be07e3422	PCD-A
37721b24-66c4-4280-972f-21efad053310	PCD-PN
01ae5b3c-2980-4a6e-9713-dd3c146c737f	PCD-FA
104f2616-b0ea-40f2-8b13-16af8e7ea911	PCD-NF
ee91b5d3-5e87-41c5-9cda-ddafa2409de1	PCD-NF
04c7980d-490b-4403-b483-985e8f096706	PCD-FA
fab13eb4-2c65-4db7-bac8-6ee2d5107b5c	PCD-NF
90fff658-c8a9-4582-8c9a-4458427edd2a	PCD-P
27e1e1f9-85db-4381-b18e-b21b18545d73	PCD-FA
4e106d89-a3e4-4994-baf6-3103910024cf	PCD-A
c5af6bca-cd47-4917-832a-93654fea593f	PCD-FA
5c134bd7-6f07-4f63-ba79-ce026c8b5454	PCD-FA
f58734bc-79f0-4be6-8b72-dd42bf9e0e16	PCD-PN
ea932d51-cbd6-48bb-9026-c819e69ee118	PCD-FA
acf5935c-21cc-4051-9414-74efe7894f88	PCD-PN
ddfd522e-b2e2-46a3-8e15-1be2a023b152	PCD-A
fa649760-f617-4f9b-a0c0-3b47f3605986	PCD-FA
614f8351-3eb5-466d-825f-f88923d25606	PCD-FA
ab7fb63d-47d5-4397-8db5-114956b95c09	PCD-FA
35281a56-493e-4350-b3cb-80cd32133224	PCD-FA
a9ab3b96-9285-4253-b646-3e81509a3623	PCD-NF
d6df09b5-7b6c-4697-89f9-6f72072d81eb	PCD-A
54b97818-5e37-4b22-913b-5dd52de3281a	PCD-A
6e85a3fa-d088-491b-ae4e-2a779c6672fb	PCD-NF
42ba7db9-b6ee-4ae9-bdc9-59745b760195	PCD-A
374c5c41-2045-4cf3-a5be-d99904d69019	PCD-FA
8a56f082-cc9e-41a2-8a3c-3b8fdf1684d8	PCD-PN
b09a93fd-ac3b-431a-a5de-4f860429ee57	PCD-PN
27e50bdb-21b8-45e8-8f0a-7c7e9a2e943b__b04899cd-4c40-4de9-972d-4f0cf1eb967c__e81d95a4-247b-4993-bacc-d00061420963	PCD-A
4d58816b-abfa-41fa-802f-3dd178599739__b8b863f8-3c64-4f74-bf59-0f50c4d7dd75	PCD-A
07d3092f-24dc-40ab-964a-0fc9bceaa70a	PCD-PN
6076950a-8de5-45cc-91c2-cb3cbe7c03c8	PCD-A
4c059ae2-e467-487f-b339-7f13b1539d92	PCD-PN
1c286de0-44eb-4bbb-a4c2-152649cac2e5	PCD-PN
de3436d8-8799-406d-85fc-d5440df00f7f	PCD-FA
3ee8e89a-f49d-4b03-b246-5d1b9cb82da3	PCD-FA
2bc499f9-fc93-4540-a2da-cbce197e7c64__a73b412f-4b22-49e5-b43a-4b3b057418af__fb0b1e0f-1bf3-450a-aea5-a9d4a3742d32	PCD-PN
2dbd35c2-f8c2-4cf5-838c-f41dde670774__93d74bc1-9e24-49f4-b645-a2a10986dcd7__a140dc83-9255-4923-b544-8980a3773ead__dc596e2d-da04-460c-836b-2db920328e8a	PCD-NF
398f26de-2926-4d53-894f-a92d085d5662__671454e6-3336-476f-8175-3f3778a988d6__878abaf5-ea7d-49d6-b9af-9e8f43fd3146	PCD-A
b620794a-4693-40b6-bec9-4312001f9d11	PCD-P
a2c3415a-9daf-4158-a28e-7e9aeef4cc71	PCD-A
a591e530-d9c1-46fe-8060-3eb1e392cbcc	PCD-A
3c67c8e9-e83d-4ad5-9776-085994c6376c__e3d57c66-ff02-4f9a-9627-69535be39a8c	PCD-PN
49f98bf8-5105-4cce-84e8-f6933411955d	PCD-PN
489e08c5-0b3c-4d07-a88d-d2d0100a5f09	PCD-NF
17e97d9b-89d2-46d3-bea4-189ce3948681__1d0ed929-c938-47a2-9d51-124b9f0db9ae	PCD-A
d19689e2-1b16-43bc-a133-83208877fa4e	PCD-PN
13ba0fe8-c698-47e4-bb58-4c1644778ef3__6c36d498-1809-4ff7-acfd-0aee214cbeb3	PCD-PN
ab2fe7af-7f25-4ef7-a75f-3ac499502d0d	PCD-A
2a554e51-f576-4d54-92e1-e1843d1f551b__a947a63e-3de6-43ed-aa44-cbf099eb4958	PCD-FA
2a06f398-0708-46ae-bcba-57f1429ec773__f6c8f6b3-ae65-4144-8d93-2b27552cecd6	PCD-NF
5dc751bc-3c89-43cc-92f6-d2c4d40fb4c7	PCD-FA
642f2d54-33c1-440b-bcea-052b88a30c09__84e60953-f3f2-4a93-a61c-98dd7d2ec9eb	PCD-FA
1421ff4a-1cfb-4c2c-b366-3589cb88e909__69f968e4-3972-4677-8e8b-9f204e767518	PCD-NF
1a685087-56b0-43e4-bce0-dc9babce8749__b1dc3ab4-23a4-40a7-8f9d-756c0b02b49b	PCD-A
834eeaeb-e064-43e9-9f51-da6a6d7ce066	PCD-PN
dd343138-9979-4195-b511-ae913bfcb131	PCD-P
dd3c759c-45a1-4737-bd4a-8280db9283e8	PCD-NF
38fe5813-7993-4f8b-b38d-7799b5ef9fa2__39742a8f-da7f-4390-aaaf-07b3fc1a69d3__e8ff1296-5847-4e13-8a43-dbc959038baa	PCD-PN
12ac2902-a47e-482c-a18e-944f4745c006	PCD-PN
0084c260-eb38-473f-9da6-96b05321aad1	PCD-PN
7a1e0cb8-9d41-4c78-9a0b-9e4d21925ec2	PCD-FA
19314f2d-41eb-4ece-bdd7-4743703f79bf	PCD-A
3df3d6c9-df3e-404f-a2fd-15020db0d06d	PCD-NF
887d794e-d509-4ebe-a270-f0fd1d5e09e8	PCD-NF
08077901-dccd-4069-ad63-abc7966741b5	PCD-NF
eefa3a1d-e084-4b9b-9d14-f169fe2aa583	PCD-A
5e987d0c-8707-49db-bac2-8c457be2ef6c	PCD-NF
1a2d4b31-abb4-407e-9575-c486a49dd563	PCD-P
c5396292-8d85-4964-bda6-4c6d76abe6e9	PCD-A
57affaa8-0e8c-4167-8870-8ff0d8d2bcfc	PCD-A
4c0b1484-be45-4a9e-91a3-3798b97c7944__67ef0161-cff0-4c91-93a1-4ded88032d4e	PCD-P
31f33d17-a4a9-4cf4-97b8-d7edb363fc2c	PCD-P
b119ca57-d85a-46ca-bd8b-1451e1703d89	PCD-A
946a572e-fc1d-48cb-b0ce-39730137a917__db68fc19-fa4b-4619-9ea5-7f40c5f76050	PCD-A
a4bc0ee4-afc0-4be7-ae3e-895c3c6d7a1e__b56317d0-f6a8-43b4-b50e-c995eec6e772	PCD-FA
373f9d3a-0087-4608-8249-e87c2fbc06f3	PCD-P
f53a319a-f2a1-4ed0-9ba7-b08cc30c51fe	PCD-PN
709cbbdf-7e06-4b60-8ba3-a8723ed348f0	PCD-A
67353da9-f782-4d16-b99e-d2c653f13a3c	PCD-PN
cd73583e-3622-4ee1-9e57-6f6a708a3520	PCD-A
2943f889-5d75-4e3f-911b-4336b3b870d0__85d23817-c1c4-46d6-82ae-b41b92005fe4	PCD-A
5cba8a9a-e76b-4b24-b686-edb0ec3d2ec2	PCD-P
ffab5eb4-6466-4722-ab69-298bb3262429	PCD-FA
c11dea96-6d94-4659-af5f-b0b7976eda74__f748d5c0-30cc-4f4f-ac56-cec93a75db5b	PCD-NF
2802a38f-01ec-4217-8322-51445921fcdd__48cd230f-7083-43f7-899e-c7ac245bc1af__6df06a97-ee38-4720-9237-5f26bce194c1	PCD-PN
dad37a12-aeb5-4be4-8908-33f5456a9c84	PCD-FA
26b35fe4-3cd9-4272-9813-3bd9bc205be8	PCD-A
6c679cde-8f73-463c-9b68-0c3d2ed6a583	PCD-FA
df5a1bbd-ebc1-4280-8115-1bc2ebe5fe5c	PCD-NF
9fd2ea57-3af6-4de4-b254-bddab901452d	PCD-PN
f3146a02-8bcf-4517-b66e-17c71f8ea869	PCD-FA
37734c6e-9bd2-46fd-a938-f98126a45122	PCD-FA
f313a8e8-6539-4448-8ebf-a38f35638899	PCD-A
a39099ff-a902-4e72-aa33-3e75822b9b3d	PCD-NF
cd9498e0-51f6-4f70-838e-588501dd6b88	PCD-PN
cce8f445-8bcd-4832-91c6-be4bb7b57501	PCD-A
a97759c2-180e-403b-abd3-e8d5f84d725f	PCD-NF
e497c851-36d4-4176-8df0-07d7936e5947	PCD-A
37934dcc-e2cc-4926-a92e-dc0485d4b746	PCD-PN
5d53f977-dcf4-41ab-a04c-1f76e4061ddd	PCD-PN
ad855439-15f1-4e78-9d7d-9eefb5a9e0ef	PCD-A
75a67d6d-430d-45f7-8956-6a4662d84054	PCD-FA
a1b470d7-cce1-4f6a-b0f2-7c6b99692b37	PCD-A
8d7192e5-7ae2-4d2d-8196-31892dca88d0	PCD-FA
1a6aa0af-9dc8-4b24-803b-2ffc4db2cff3	PCD-A
8c7afd56-7df2-4c77-9c5d-f9a00cc77fc0	PCD-NF
3f12e4d0-502e-497f-a162-9cdae148e017	PCD-A
dd3272de-d4f5-4ff4-bbda-30d47103684a	PCD-NF
d1bffb2b-ae09-463b-8893-5ceb2f85c6fc	PCD-FA
51892c12-7aec-4463-bc2d-85f354805d76__d87be8aa-fc6b-42a2-b7be-b60ed80ed461	PCD-P
3cc6928b-53f6-46d3-849c-71b6174049f9__486da704-156e-4f54-8059-7dd9176b0e9c	PCD-NF
2fcc6443-3529-41a4-a2f0-ffafa5898ab2__c2fcec06-bea8-4622-83e2-14631f5540ae	PCD-FA
200f3b17-91c7-4aba-ab63-4302809534ff__be860ec2-e59e-4f4f-a1d5-409383eae046	PCD-FA
88ebe93a-5d23-43d1-be7b-63e7d77415ff	PCD-NF
5493333c-788f-49ea-a15e-5df27cc32950	PCD-A
4b114d44-ce79-4fba-9d32-733f63f2b78d	PCD-A
c9ca18fc-17a5-400c-994b-1e8e56a6c6e6	PCD-A
53db9ab4-36a7-4405-8871-e580002b0a15	PCD-NF
2f2b9f7a-6491-4bd3-b678-361b92b59714__48736183-d8b5-4912-a0cd-6911a8b2ce90	PCD-NF
13559ccb-2de4-4df2-ba7e-0365f5f6366b	PCD-A
af50d871-8b03-4c46-b8ec-1b9a89a329f5	PCD-A
3f368264-80c0-4745-9e1c-6aa176d3b326	PCD-A
d4a4c09e-5294-4979-ac8c-acdff883835e	PCD-PN
40f58bf3-58bc-4b65-a88e-821ee9d24b9f	PCD-NF
822979b4-f4b9-4ca2-85e8-029feb9e7500	PCD-FA
367ee6bb-9eea-4a57-b9f4-5b849e89e0bb	PCD-A
CPT0001020164	PCD-NF
CPT0010050009	PCD-NF
CPT0130410006	PCD-PN
CPT0023470008	PCD-A
CPT0064040009	PCD-PN
CPT0007740006	PCD-A
CPT0063430006	PCD-A
CPT0063480006	PCD-P
CPT0101130006	PCD-NF
CPT0102790006	PCD-NF
CPT0123350006	PCD-A
CPT0087190006	PCD-NF
CPT0108560006	PCD-A
CPT0086260006	PCD-NF
CPT0091610006	PCD-A
CPT0091820006	PCD-FA
CPT0104360006	PCD-NF
CPT0130270006	PCD-PN
CPT0130030006	PCD-FA
CPT0175120013	PCD-PN
CPT0175260013	PCD-A
CPT0175390009	PCD-A
CPT0175560009	PCD-A
CPT0112540006	PCD-FA
CPT0112720009	PCD-FA
CPT0112650006	PCD-FA
CPT0112580009	PCD-A
CPT0191860009	PCD-A
CPT0191710009	PCD-P
CPT0202020014	PCD-FA
CPT0202170009	PCD-A
CPT0202530010	PCD-PN
CPT0204600007	PCD-FA
CPT0204800009	PCD-NF
CPT0204990009	PCD-FA
CPT0202720009	PCD-A
CPT0192540010	PCD-P
CPT0202350010	PCD-A
CPT0218280009	PCD-A
CPT0197150006	PCD-FA
CPT0197090006	PCD-A
CPT0197210009	PCD-PN
CPT0196810006	PCD-PN
CPT0217420009	PCD-P
CPT0225380009	PCD-PN
CPT0190550009	PCD-PN
CPT0233120013	PCD-PN
CPT0227400009	PCD-A
CPT0207210009	PCD-NF
CPT0233320009	PCD-PN
CPT0233600009	PCD-PN
CPT0221200009	PCD-P
CPT0234560009	PCD-A
CPT0090440006	PCD-FA
CPT0111150007	PCD-PN
CPT0089880006	PCD-P
CPT0079100006	PCD-A
CPT0068280009	PCD-NF
CPT0069890009	PCD-PN
CPT0117720006	PCD-P
CPT0083980009	PCD-PN
CPT0091050006	PCD-A
CPT0079050006	PCD-P
CPT0105420006	PCD-NF
CPT0098770013	PCD-PN
CPT0126390009	PCD-A
CPT0126450009	PCD-A
CPT0128890009	PCD-PN
CPT0126530009	PCD-PN
CPT0126670009	PCD-NF
CPT0126740009	PCD-FA
CPT0186130009	PCD-PN
CPT0186180009	PCD-A
CPT0126810009	PCD-PN
CPT0136640013	PCD-A
CPT0146380007	PCD-FA
CPT0146480007	PCD-NF
CPT0183250010	PCD-FA
CPT0147180007	PCD-A
CPT0115830006	PCD-NF
CPT0241170009	PCD-PN
CPT0234790009	PCD-NF
CPT0234930010	PCD-NF
CPT0147680007	PCD-FA
CPT0187370009	PCD-A
CPT0208770009	PCD-FA
CPT0209020010	PCD-NF
CPT0236420009	PCD-NF
CPT0197480009	PCD-P
CPT0197740009	PCD-P
CPT0209490009	PCD-NF
CPT0245780009	PCD-A
CPT0245830009	PCD-P
CPT0245880009	PCD-A
CPT0195510006	PCD-FA
CPT0219360009	PCD-A
CPT0237060010	PCD-A
CPT0237200010	PCD-NF
CPT0237410010	PCD-NF
CPT0237550007	PCD-NF
CPT0237690010	PCD-NF
CPT0237760009	PCD-NF
CPT0221650009	PCD-PN
CPT0237970007	PCD-A
CPT0238110007	PCD-FA
CPT0223790009	PCD-NF
CPT0222730009	PCD-PN
5b04b90a-7001-4521-a948-1f3fb3186e00	PCD-A
5fc1446e-05c7-45e3-a621-f8d89bacec63	PCD-P
5d430ee2-3922-410e-bdf0-03c22bc346a7	PCD-NF
bf6dce62-7b0e-4fbe-b888-5bca72a7691d	PCD-A
7089c3bb-b7dc-4fb9-8e3e-d81d16877afd	PCD-A
efa8c3d4-e157-47cf-9aa3-d17ca84f449a	PCD-A
ef54b470-891d-4678-98bb-e3573ad1eb91	PCD-NF
9cd15857-b088-4b70-b258-a2e7d36dc5ba	PCD-A
a79f39da-704f-4996-ba09-623cfd885a7a	PCD-A
1f9c6b1c-7edd-4297-82ea-9f7bac608119	PCD-NF
5c2d7efc-4261-4826-9642-386f9f7020db	PCD-A
6b7638f5-4824-4a76-b1be-c0f1df94f3d0	PCD-NF
9ed64888-3056-4118-86cc-bddaf9da2dda	PCD-PN
0916f650-4853-4de5-988e-fd44843f231a__65dcde6d-351c-4398-b96f-5cdba3e479de	PCD-A
1a501fe7-8152-43db-b03a-f6cf2f81c8a8__d0cbb5af-82fe-4c08-93a4-af9838d56279	PCD-A
0d7e2b82-e85d-4045-b7e0-d508026099b7	PCD-A
d066647b-c078-42c5-acd0-13b0bfe49959	PCD-A
02b6a42a-4bf5-4443-b2c0-b3a4afa66032__91fda349-383d-4889-bf2b-16e5a9d3bc89	PCD-FA
1dec4a74-21d9-4e4d-8a43-b744ed81021a__564b1c81-93aa-4fec-ac06-19aa63cb735a	PCD-NF
f45c05d5-f454-405f-b61f-47950292e7b9	PCD-PN
5110d72b-f987-467e-a553-38105e1c97ea	PCD-A
8fcd999d-1ece-4f53-8cd9-a46522a8a89e	PCD-P
8b939486-d9b0-4c8f-89b7-235e038c44f9	PCD-A
7770e95d-ccf6-4403-b649-89a4e6d84528__aae7532e-5004-43ec-b568-758ee413448e	PCD-A
a04704c3-551a-4d55-8755-c30e6f8d1e8b	PCD-FA
5b0b9fe2-e9f0-4d1d-80a6-6d0612e5e826__e34ae499-b9c7-4bf8-bba6-2c266428126d	PCD-A
b87c5150-707b-4c18-a920-36941442c41a__bf70b142-4d9e-4718-93b6-9a3642c311f6	PCD-A
810aa548-fa75-41f7-a67e-fb82ba1060b0	PCD-NF
7a0e451f-c0c6-49e9-a5c1-798e6937051d	PCD-FA
5c24082b-d2a0-4385-b051-aea9b987024a	PCD-A
12d6e4b4-d8bd-4a65-b698-52905b1ff060__38009c49-7d29-442b-aad6-f0c56ace0236	PCD-A
b8aab8b9-4434-4073-93ec-f14b342f74f1	PCD-FA
7447f78d-a882-42c2-a527-7bbb2b0efbb1	PCD-A
ac44403c-4937-4aff-bbc5-7afbd968a321	PCD-A
85aeecb4-4646-4a87-a7bf-75349cd2a38e	PCD-FA
e94bafbc-cfcc-4b38-ab40-c87f2c091466	PCD-PN
15df4c79-9b2f-449f-bb9d-c9754cd810fd	PCD-A
8555f2c4-3c91-42e3-b89a-8d0dc872e2e6	PCD-FA
efeb7246-cbba-461f-a693-d2b5376c52cd	PCD-A
52cae69c-ee07-49b4-83de-a2e98eaece44	PCD-PN
8b8bc406-a6ec-416a-866d-6ed54e3dde07	PCD-A
4c5261a7-5039-47cc-8076-01a543db3a05	PCD-PN
0cb73dd0-8f2e-44c1-8c75-0b74ed943f47	PCD-PN
6f7faba0-9b1f-4a03-8ae0-13df6339b88f	PCD-P
918ed26f-7a7b-4dd7-98d1-08b38b3f9c2c__c3afb604-a6e5-484e-a919-89f2b8f37b26	PCD-NF
82380a8f-4162-4562-8c2f-9e9c11f3ccc6	PCD-FA
5335fb6e-1460-4b8d-aba6-04648411fb73	PCD-PN
e8dd0bc0-09e8-460c-81cb-ca5baaf676fb	PCD-NF
517448c8-b5e5-433a-b5d0-45d43066cc75	PCD-P
fd5947da-62ba-4cee-8746-c7039524878d	PCD-P
4bf051f8-67eb-4ce2-abb0-37359d673d38	PCD-PN
3184995a-cac9-4f64-9c64-77352d8b58d3	PCD-PN
0df1ad07-20e1-40f1-ba0a-4ac63fa446fd	PCD-FA
a58b5126-18d2-4815-83d7-0223dc4d2174	PCD-FA
94160dfb-8b48-41b7-bfc2-df9fb0ec5f84	PCD-FA
8fda7a26-b114-4a36-8448-534af5fac25f	PCD-P
16ba6131-09c5-4c7a-a103-148962ff1ac7	PCD-PN
3a2a7eb1-fa22-4308-9abf-5acc1210cda3	PCD-PN
6f6b9478-2f80-422b-b151-c1da62b571af	PCD-FA
38d26cbe-2e63-4789-b4d4-4b9c2715125c	PCD-NF
c10aea56-f0f2-4315-aa2c-e8e16230fba8	PCD-FA
48aa2055-ff38-4beb-b504-188824e16e5e	PCD-NF
c1f54a2a-9aa5-453a-ab5f-787f76128ef0	PCD-NF
0e022387-2bb6-4845-ac04-29377255f7b5__a8af99e3-91ab-401e-9426-45c0c234db24	PCD-NF
f1fe8ed0-b21f-44c3-9d95-8c7a99aa3f86__fa27999e-f86a-43bc-9e79-0dd62efaee45	PCD-A
730e9961-2e11-4b35-82de-0f2d00091d00	PCD-A
b0474873-bbb2-4911-b163-e86be63c1ecd	PCD-A
8b4a665a-4452-4c1f-8d8e-a285119f9f7c	PCD-NF
ecf9bf66-72fe-45bb-92a7-889ddcec58f4	PCD-FA
c61ab2cf-e3cb-49c4-bfce-879417d1f31b	PCD-P
2d4c601a-b89e-4a15-b2ce-42c0bc12cd0a	PCD-FA
6ed156f4-b871-491c-aacf-4cd304dbe00c	PCD-A
5849c6ba-baef-4924-8591-57b174c4384f	PCD-PN
f9201b9d-3204-4a2f-a0a7-3313a9627afa	PCD-A
50964e7c-9b6a-44ad-aa7f-aaa838108831	PCD-NF
6575f526-cb75-4c5c-b861-ce4a423f2140	PCD-NF
1f8f374c-aada-4bb8-8af3-f906318fce5d	PCD-NF
639f6862-bffc-4558-819d-5d813a2587da	PCD-A
3f19a0e0-4777-4895-ae5e-87228405a1b4	PCD-PN
a72e5c0f-014b-457f-bfc6-ed9e3ba0b707	PCD-FA
f4a35ac3-33b3-4c83-9b72-5a484ca93609	PCD-A
5b77a130-063d-4e58-ad06-84681f572c3a	PCD-P
0de66ed3-492f-4fac-98d0-7778d5fc1d1c	PCD-A
bfd77e02-72a1-48b3-b5fc-1d8b9d53d6fb	PCD-A
7e4bc0be-dc46-475d-a4c5-9db183bbcaa5	PCD-NF
585d8c0e-6417-495b-aa1a-147ea2ba5491	PCD-NF
c9d1072d-dac7-4b55-a97f-78cc0f307846__edbc129b-de5f-4bb6-b48f-5b5c67669813	PCD-A
47e96521-f2aa-4eeb-810e-bc8b658cebb1__9e1704c0-a7fb-4e79-bd54-5a4906f68e9e	PCD-PN
03b68344-c125-4f70-a4aa-395925d652cc__78e68f7e-e4c8-4929-9004-9567051617cc	PCD-P
7afe8c34-3c9f-4cd4-9da0-bfed560c42c7__beec021d-aaba-4127-bbf3-18e1176806b3	PCD-FA
0e2ffa31-131b-490a-8ef1-7e6ebe561fda	PCD-P
628dd640-68cc-4660-a10c-c4b1cb227ca4	PCD-NF
1f61b8a4-cb8a-4d26-a683-0c8541b2d60c	PCD-A
58643f52-5d14-4df4-828c-01870e03e098	PCD-FA
43b51f33-3245-4a9f-a6b3-b32f0a134585	PCD-NF
3e7ab893-bc40-4ae7-af5c-dd2e34db9cb6	PCD-NF
7e7cc8ae-9036-49b7-807d-23b67526db5d__c1dbb963-66eb-4e3b-8add-bda7e2b88584	PCD-P
1e7b9bdf-7b27-4ff5-a863-85e27b5730f7__3a317772-0b0c-473d-be79-499b01c5dd48	PCD-FA
2b0228ac-182d-48b4-aa06-821a106a5990__b7bec81b-d761-4372-a6f8-cc0458ce699b	PCD-A
64243640-3f92-4da8-853d-cc1226eb9de6__b9651b33-cc5b-416a-9b16-f41b6d1d054e	PCD-FA
15f4344b-0c6b-4972-966d-3bc50efb8486__e7589bdd-faff-4e0b-86b9-8c6dc65a8ffc	PCD-P
4be3d5ff-7225-432d-a320-8eac6b4d2cd4__60ee923c-845b-4488-9ad1-fa452f5469b4	PCD-P
6d4f96c4-c7b6-4176-9813-6f5ebec3bc61__8bea0c7e-81f1-4954-bd9e-ee7136899685	PCD-A
d48a2efe-a809-4b8a-ba2a-11b866fa9882__f573a3bb-f782-4f1a-8678-c04d69c253bc	PCD-P
3226f1b3-9ccb-4b9a-8afd-638fe281d27b__798d832f-d911-40e2-a7d6-b4d3a92d58f7	PCD-PN
3d72ac02-1c27-446b-ad4c-e2c2eaf53331__966baff9-7cd3-4f82-82fa-3ea252e57973	PCD-PN
27398775-c29a-44d5-b2c0-3f30814c9310__67791d47-04e8-4dcb-8c65-9eebe0fca563	PCD-A
5fef2f67-378e-4579-9bda-77bbaba63c62__846ff460-3d2d-4321-9bb5-ae6d009124bc	PCD-FA
184a322f-43f7-4abf-93d3-8488c0d98312__21cca33c-2d3a-4441-bde2-89a21caa0ec2	PCD-NF
02fd1085-e890-47bf-9e8b-a8038c547308__9e2e2648-e67d-4fea-9681-778c3c373606	PCD-FA
CPT0088320006	PCD-A
CPT0162660010	PCD-A
CPT0198420010	PCD-A
CPT0208690010	PCD-P
CPT0077860009	PCD-A
CPT0063570006	PCD-P
CPT0162760009	PCD-A
CPT0094230007	PCD-A
CPT0246260007	PCD-A
CPT0226530014	PCD-A
CPT0093930007	PCD-P
CPT0186040010	PCD-A
CPT0238820011	PCD-A
CPT0248590014	PCD-P
CPT0109110007	PCD-FA
CPT0227930010	PCD-FA
CPT0001730008	PCD-FA
CPT0088180007	PCD-A
CPT0094030006	PCD-P
CPT0081360010	PCD-A
CPT0094130007	PCD-PN
CPT0094940007	PCD-A
CPT0109300007	PCD-FA
CPT0198700011	PCD-A
CPT0246940009	PCD-A
CPT0086190007	PCD-FA
CPT0237910010	PCD-FA
CPT0197420010	PCD-A
CPT0185920010	PCD-A
CPT0183450011	PCD-A
CPT0064090009	PCD-FA
CPT0124360009	PCD-P
CPT0166650012	PCD-PN
CPT0109200007	PCD-A
CPT0108400006	PCD-A
CPT0238530011	PCD-A
CPT0078000009	PCD-A
CPT0236780011	PCD-A
CPT0124500010	PCD-P
CPT0208840010	PCD-P
CPT0248410010	PCD-A
CPT0077930010	PCD-P
CPT0217700010	PCD-NF
CPT0094630007	PCD-FA
CPT0208550011	PCD-NF
CPT0221470011	PCD-A
CPT0237270008	PCD-FA
CPT0247040006	PCD-NF
CPT0109010007	PCD-A
CPT0198910011	PCD-NF
CPT0092630006	PCD-FA
CPT0203850010	PCD-PN
CPT0226570010	PCD-A
CPT0226760010	PCD-A
CPT0091660006	PCD-P
CPT0081260010	PCD-A
CPT0123650006	PCD-PN
CPT0125130009	PCD-FA
CPT0236700011	PCD-NF
CPT0238920010	PCD-NF
CPT0081470010	PCD-PN
CPT0246810013	PCD-PN
CPT0246720009	PCD-A
CPT0238040011	PCD-P
CPT0000250008	PCD-FA
CPT0094740007	PCD-NF
CPT0254680009	PCD-P
CPT0209310014	PCD-A
CPT0126160007	PCD-PN
CPT0025750006	PCD-PN
CPT0063970010	PCD-FA
CPT0008750009	PCD-PN
CPT0264150006	PCD-PN
CPT0078250009	PCD-PN
CPT0236560010	PCD-NF
CPT0078090010	PCD-PN
CPT0124980010	PCD-FA
CPT0207780007	PCD-NF
CPT0226490010	PCD-A
CPT0019410007	PCD-NF
CPT0226650010	PCD-P
CPT0174700010	PCD-PN
CPT0207980011	PCD-NF
CPT0166760010	PCD-P
CPT0241500010	PCD-NF
CPT0127270009	PCD-FA
CPT0087890007	PCD-NF
CPT0108930006	PCD-FA
CPT0161770010	PCD-PN
CPT0011520009	PCD-NF
CPT0083270009	PCD-P
CPT0238610015	PCD-P
CPT0246990009	PCD-NF
CPT0221240010	PCD-NF
CPT0124610010	PCD-P
CPT0241320011	PCD-FA
CPT0226600010	PCD-P
CPT0014040009	PCD-A
CPT0088260007	PCD-A
a55424f0-5943-47f9-abd1-ee530352580d	PCD-NF
4cdb7c3b-44af-4445-8635-05026e1a0a7c	PCD-FA
97a05a2d-ab19-4a06-967f-285701da6b0c	PCD-FA
660c8f9a-8401-4cd7-87ac-5428d97ad36c	PCD-FA
f8756add-b285-4a9b-bd68-0d53e845919f	PCD-P
e5730709-8f12-4e76-94d5-a437b18909b5	PCD-A
4cbe6180-9d20-4e92-80ec-14bdb8b12564	PCD-NF
56c48cff-8316-4746-8774-6bb7cf627d17	PCD-PN
4ddeea74-8c1f-42ad-a906-728d398c09b0	PCD-A
4339afb1-4391-4ec1-b9a8-05d6c37590e1	PCD-A
46eca875-a327-478f-a086-d4111f19ee11	PCD-FA
124c1f32-0988-4240-932f-e2f6daa0205f__324fc91e-aba8-4a1f-95f9-3a1938419a95	PCD-PN
2a1a2f54-441f-4a94-99ee-9359bae39a7b	PCD-PN
0c2d3f13-eb08-48bb-aca9-ec0d32f1d93a	PCD-PN
481359ef-8584-4a39-b1d5-96db3e09f544	PCD-A
508ad682-5b7c-46f3-8cee-b795df2e4911	PCD-NF
5a0dc015-c3c9-4d42-a7be-299dd057f624	PCD-FA
f2cf780a-e262-4349-bc39-9f126bbec4d3	PCD-PN
f337b2f5-e689-43bc-904a-2ab7cd9b3ecd	PCD-P
b5a48fac-f425-42ac-ad39-978efdf66e8e	PCD-NF
67f0e427-10b4-40f8-9adf-cef2a2f7f718	PCD-FA
6d000f49-2309-4b4d-bd2f-59dbcb863398	PCD-A
c64fd59d-d632-47fe-af37-fbfe86b645a4	PCD-FA
9bd1f3db-f745-47b2-bbb6-f1346333a7a7	PCD-NF
6b7009d2-e40f-4e71-82ef-fbc631c04d4e	PCD-A
462b9226-041d-4bce-8851-f59f14cdbe32__ec4a2a97-464d-4d7d-abb5-b2455b968170	PCD-A
d6dba5d3-59b9-4a78-8006-92b8cee19c3a	PCD-A
020e5c88-a6ea-4d7b-a179-7b48030a8216	PCD-NF
66103b0a-c4b5-4c14-be56-a4fb7c15b0c6	PCD-FA
0813843c-83cd-4c44-8f33-d4b3a79ace79__ed19d15d-4d19-49ad-a628-3f2cdfb930c8	PCD-A
431cc31c-012f-4a15-9cba-17c0151795fe	PCD-FA
e2dea305-497f-45dd-85a4-f4c16d629019	PCD-A
5666a27c-0482-4df9-8f8a-c84f2080a24b	PCD-NF
0f5896ec-657e-4ef4-b357-960ff7184915	PCD-PN
9cf77477-96bc-4bf7-a651-3b9f71e6b5ba	PCD-FA
54aa8554-f395-4141-bf30-68880004ce94	PCD-A
1e73f17f-ea14-406f-90fa-c6332761d378	PCD-P
b71e6d8f-332b-437f-812f-c813c6131f8b	PCD-A
2bdc2690-67ff-4c2c-b9df-5ebd5e75ed2a	PCD-A
28853994-8f46-4215-ba2b-406839b58af4	PCD-A
d4d7019b-9786-45a1-89fd-ccb4005dce06	PCD-A
69e3153e-c277-48af-ac94-88458b0849a2	PCD-A
507cc6b0-9e00-4e33-a222-2175b5ec1d15	PCD-P
4783b5d3-ba02-413d-9f2c-71af0b74aab5	PCD-A
3af3fd57-fbb6-4521-abac-d47b169a3553	PCD-A
93cc0ce3-314a-47f7-8969-27db9b696b3c	PCD-A
8fa891af-2ab9-4e1a-9c68-34d2f5ad231f__e530dbf3-740e-4175-8997-52d6561db603	PCD-PN
238707f3-1bdd-4ff7-8e52-6a639e025c18	PCD-A
6910e6dc-4245-49d3-a8f2-5d0ceb2a2883	PCD-FA
e7c40e1c-44ab-46cb-8440-458f815f7244	PCD-NF
dea659ae-bc02-4c94-95a3-67a774f1350a	PCD-PN
490b5b9f-206a-4d77-a207-0ec3bf40dbf8	PCD-FA
327f8f97-72b9-4c71-9132-983c5eb7c2d5	PCD-A
4494525a-d608-4d4b-90e1-260c718bd177	PCD-PN
4c127d85-ec39-45fb-b2ec-0b1c02469de1	PCD-FA
2df940ac-f993-4449-8663-3156495ed21e	PCD-PN
1b7e9a00-3f36-40bf-acfc-12b9d31fc55d	PCD-FA
73786677-c014-47c4-b7cb-2e65c9a82c7e	PCD-NF
f1e7d41b-802b-47f1-8cef-a17cd4817d37	PCD-P
fd1f030b-2bd5-447b-bb55-e62e5cace785	PCD-A
817c98fc-2d57-4cdb-9494-42b1569dc2d3	PCD-NF
d7ecc946-7366-48cf-9cbf-0c79efdf0f74	PCD-P
f7dff1bd-6d4f-4c2c-8e51-964c07ca3976	PCD-NF
04df4034-7328-4b49-ab3c-33366a4d2ff4	PCD-NF
47ec3835-2848-46a4-9e33-5fdbbe173254	PCD-P
87a7d6be-ef5b-4c72-9a2e-8a7e774950c0	PCD-NF
6b17998b-8892-4bfa-a979-5b1f52acda64	PCD-A
30a3c97b-47fe-4cac-833f-73724bb8abf3	PCD-FA
453773a4-7691-4e50-afd7-67c75c7b286c	PCD-A
3cbd3136-1ece-4b79-9890-b12af4148737	PCD-NF
8f990953-b481-4620-815f-99557a6d1d83	PCD-PN
74e893ec-8896-4753-b449-f46a392c5268__b8740c50-fc20-4b62-89ad-950609cd08b0	PCD-P
3b962857-122f-4a02-9f27-5e0be10ef736__c88b30bc-2227-4bb7-afae-52a58c8630d9	PCD-FA
1f58fee8-9676-425d-9255-d2a41b5be605	PCD-PN
9275e848-7ab4-48a1-9dee-2562ddbdce3a	PCD-P
ccbd2b27-cd6e-4457-91e8-2c6e7e166502	PCD-PN
5dd73d79-645a-4eab-b0bf-ec4e3e47cd9d	PCD-PN
c4f7fe7a-7ddc-4733-8ed6-3124990adbf6	PCD-PN
a6ca41bc-6ba5-4b25-b66d-167ec7356570__f05fe413-a3b8-45c5-b27f-6d7b2ccab32f	PCD-PN
6bd50d1c-4b3d-4998-8f1c-57bbd3ff5ea0	PCD-PN
9628a583-0249-4de5-a6ca-ac4b66554497__b99d8797-af34-45af-8372-08d764588068__ed59ef20-da15-437c-bf87-3e0c244390d2	PCD-FA
28b03881-310f-4f05-9a2c-543ca8e1c54e	PCD-A
e2e50097-4d54-46cc-99da-a7996b0803c4	PCD-NF
2b17c912-7034-4a06-8688-1f262d4b2f23	PCD-FA
ea726162-4209-46b6-ba6c-ed27975b0702	PCD-PN
f05f2138-a92d-447b-98bd-0805b8ae1211	PCD-P
466bfa7f-1353-4db7-9de1-337cc1aa41bb	PCD-A
1597ed35-e521-45f0-9451-7e8ee85d8ac7__3e9e3fbf-ebe7-4577-82e0-92bd72162532	PCD-PN
cab22c50-fcd7-410e-8056-55499be518a4	PCD-P
cb6b2cc0-d840-4968-837c-b3b833adfc52	PCD-PN
da8993a8-d120-43a6-9a93-65aced75ed19	PCD-PN
907d39d0-7e81-4d83-88dc-26cce0e7a0a1	PCD-PN
586182ef-8d58-44ae-8188-79356625d61c	PCD-P
2c94dd1b-01b5-45c8-9f05-9dc35f4796c1	PCD-P
